[
    {
        "name": "ReactJS",
        "icon": "https://img.icons8.com/external-tal-revivo-color-tal-revivo/48/000000/external-react-a-javascript-library-for-building-user-interfaces-logo-color-tal-revivo.png"
    },
    {
        "name": "ExpressJS",
        "icon": "https://img.icons8.com/fluency/48/000000/node-js.png"
    },
    {
        "name": "NodeJS",
        "icon": "https://img.icons8.com/color/48/000000/nodejs.png"
    },
    {
        "name": "Redux",
        "icon": "https://img.icons8.com/color/48/000000/redux.png"
    },
    {
        "name": "Firebase",
        "icon": "https://img.icons8.com/color/48/000000/firebase.png"
    },
    {
        "name": "Android",
        "icon": "https://img.icons8.com/fluency/48/000000/android-os.png"
    },
    {
        "name": "MaterialUI",
        "icon": "https://img.icons8.com/color/48/000000/material-ui.png"
    },
    {
        "name": "DSA",
        "icon": "https://img.icons8.com/color/48/000000/code.png"
    },
    
    {
        "name": "Google Cloud Platform",
        "icon": "https://img.icons8.com/color/48/000000/google-cloud-platform.png"
    },
    {
        "name": "Bootstrap",
        "icon": "https://img.icons8.com/color/48/000000/bootstrap.png"
    },
    {
        "name": "MongoDB",
        "icon": "https://img.icons8.com/color/48/000000/mongodb.png"
    },
    {
        "name": "HTML5",
        "icon": "https://img.icons8.com/color/48/000000/html-5--v1.png"
    },
    {
        "name": "CSS3",
        "icon": "https://img.icons8.com/color/48/000000/css3.png"
    },
    {
        "name": "JavaScript",
        "icon": "https://img.icons8.com/color/48/000000/javascript--v1.png"
    },
    {
        "name": "Java",
        "icon": "https://img.icons8.com/color/48/000000/java-coffee-cup-logo--v1.png"
    },
    {
        "name": "Kotlin",
        "icon": "https://img.icons8.com/color/48/000000/kotlin.png"
    },
    {
        "name": "PHP",
        "icon": "https://img.icons8.com/offices/48/000000/php-logo.png"
    },
    {
        "name": "Python",
        "icon": "https://img.icons8.com/color/48/000000/python--v1.png"
    },
    {
        "name": "Jupyter Notebook",
        "icon": "https://upload.wikimedia.org/wikipedia/commons/thumb/3/38/Jupyter_logo.svg/48px-Jupyter_logo.svg.png"
    },
    
    {
        "name": "MySQL",
        "icon": "https://img.icons8.com/color/48/000000/mysql-logo.png"
    },
    {
        "name": "Android Studio",
        "icon": "https://img.icons8.com/color/48/000000/android-studio.png"
    },
    {
        "name": "C++",
        "icon": "https://img.icons8.com/color/48/000000/c-plus-plus-logo.png"
    },
    {
        "name": "C Language",
        "icon": "https://img.icons8.com/color/48/000000/c.png"
    },
    {
        "name": "Heroku",
        "icon": "https://img.icons8.com/color/48/000000/heroku.png"
    },
    {
        "name": "Netlify",
        "icon": "https://img.icons8.com/external-tal-revivo-shadow-tal-revivo/48/000000/external-netlify-a-cloud-computing-company-that-offers-hosting-and-serverless-backend-services-for-static-websites-logo-shadow-tal-revivo.png"
    },
    {
        "name": "Flutter",
        "icon": "https://img.icons8.com/ios-filled/48/0080FF/flutter.png"
    },
    {
        "name": "jQuery",
        "icon": "https://img.icons8.com/ios-filled/48/1169ae/jquery.png"
    },
    {
        "name": "Git VCS",
        "icon": "https://img.icons8.com/color/48/000000/git.png"
    },
    {
        "name": "GitHub",
        "icon": "https://img.icons8.com/glyph-neue/48/ffffff/github.png"
    },
    {
        "name": "Team Work",
        "icon": "https://img.icons8.com/color/48/000000/teamwork.png"
    }    
]