[ 
    
    
    {
        "id": 1,
        "name": "E-Mail Classification ML Model",
        "desc": "Classify emails as spam or not-spam on the basis of the message.[Naive Bayes, Numpy, Pandas and Sklearn].",
        "image": "https://res.cloudinary.com/dkak37mek/image/upload/v1626933127/mlpr_c2stn8.jpg",
        "links": {
            "view": "https://mr-rajvansh.github.io/pcd/",
            "code": "#"
        }
    },
    {
        "id": 2,
        "name": "COVID-19 Outbreak Analysis",
        "desc": "We all know that coronavirus is spreading on a daily basis in India. So, let's try to visualise how fast it is spreading.",
        "image": "https://res.cloudinary.com/dkak37mek/image/upload/v1626933140/covidml_pdaxpu.png",
        "links": {
            "view": "https://mr-rajvansh.github.io/pcd/",
            "code": "#"
        }
    },
    {
        "id": 3,
        "name": "TITANIC-SURVIVOUR-ANALYSIS",
        "desc": "In this project we are going to build an artificial intelligence neural network to check whether they survived the titanic incident or not",
        "image": "https://res.cloudinary.com/dkak37mek/image/upload/v1626933129/Titanic_nuxdgz.png",
        "links": {
            "view": "https://mr-rajvansh.github.io/pcd/",
            "code": "#"
        }
    },
    {
        "id": 4,
        "name": "Portfolio Website",
        "desc": "Personal portfolio website. Don't need much info about it, just scroll down. You're here only!",
        "image": "https://res.cloudinary.com/dkak37mek/image/upload/v1628532035/portfolio-Saurav_pbvufi.png",
        "links": {
            "view": "https://mr-rajvansh.github.io/pcd/",
            "code": "#"
        }
    },
    
    {
        "id": 5,
        "name": "College Library Website",
        "desc": "This is a College Library Website in which you can keep a record of all the books you have issued.© 2021 Saurav Mukherjee",
        "image": "https://res.cloudinary.com/dkak37mek/image/upload/v1631398033/44_veugbf.png",
        "links": {
            "view": "https://mr-rajvansh.github.io/pcd/",
            "code": "#"
        }
    },
    {
        "id": 6,
        "name": "Netflix Clone | React-App",
        "desc": "Netflix clone App built with React and Redux. The objective of this project is to practising the concepts of 'React-Hooks', 'Redux-Hooks', react-router, redux-setup.",
        "image": "https://res.cloudinary.com/dkak37mek/image/upload/v1628532262/Netflix_ty1ofn.png",
        "links": {
        "view": "https://mr-rajvansh.github.io/pcd/",
        "code": "#"
        }
    }

    
    
]
